{
  "version": 1,
  "root": {
    "ref": "o:1",
    "type": "t:1"
  },
  "objects": {
    "o:1": {
      "barcode": "Svindler.MasterChief",
      "title": "MasterChief",
      "description": "",
      "unlockable": false,
      "redacted": false,
      "author": "Svindler",
      "version": "0.0.0",
      "sdkVersion": "0.3.4-1649",
      "internal": false,
      "crates": [
        {
          "ref": "o:2",
          "type": "t:2"
        }
      ],
      "tags": [],
      "changelogs": [],
      "isa": {
        "type": "t:1"
      }
    },
    "o:2": {
      "barcode": "Svindler.MasterChief.Avatar.MasterChiefBySvindler",
      "title": "Master Chief By Svindler",
      "description": "",
      "unlockable": false,
      "redacted": false,
      "mainAsset": "fdd343513be17ab448ce56775d186951",
      "tags": [],
      "packedAssets": [
        {
          "title": "PreviewMesh",
          "guid": "dc1f7a4da6d70b54889ca1000a1c221c"
        }
      ],
      "colliderBounds": {
        "center": {
          "x": 0.0,
          "y": 0.0,
          "z": 0.0
        },
        "extents": {
          "x": 0.0,
          "y": 0.0,
          "z": 0.0
        }
      },
      "isa": {
        "type": "t:2"
      }
    }
  },
  "types": {
    "t:1": {
      "type": "t:1",
      "fullname": "SLZ.Marrow.Warehouse.Pallet, SLZ.Marrow.SDK, Version=0.0.0.0, Culture=neutral, PublicKeyToken=null"
    },
    "t:2": {
      "type": "t:2",
      "fullname": "SLZ.Marrow.Warehouse.AvatarCrate, SLZ.Marrow.SDK, Version=0.0.0.0, Culture=neutral, PublicKeyToken=null"
    }
  }
}